ITEM_REQUEST_ID,REQUEST_NUMBER,ITEM_NUMBER,REQUEST_STATUS,REQUEST_API_STATUS,MASTER_ORG_CODE,TARGET_ORG_CODE,INVENTORY_ITEM_ID,TEMPLATE_ID,TEMPLATE_NAME,TEMPLATE_DESCRIPTION,ITEM_TEMPLATE_RULE_ID,RULE_TEMPLATE_ID,RULE_TEMPLATE_NAME,DIVISION_VALUE,BUSINESS_UNIT_VALUE,RULE_PRIORITY,TEMPLATE_RULE_STATUS,ATTRIBUTE_NAME,TARGET_ITEM_COLUMN,USER_ATTRIBUTE_NAME,USER_ATTRIBUTE_NAME_GUI,DATA_TYPE,CONTROL_LEVEL,CONTROL_LEVEL_DESCRIPTION,TEMPLATE_ATTRIBUTE_VALUE,TEMPLATE_VALUE_DESCRIPTION,MASTER_ITEM_VALUE,TARGET_ITEM_VALUE,EFFECTIVE_SOURCE,EFFECTIVE_ITEM_VALUE,COMPARISON_STATUS,COMPARISON_DESCRIPTION
8,TEST-AC-RL-MH-94904-1008-GRI-001,MH-94904-1008,ERROR,E,MAS,GRI,,678,REL LINERS,AR GR REL LINERS,23,678,REL LINERS,ARcare,Release Liners,40,MATCH,MTL_SYSTEM_ITEMS.BOM_ITEM_TYPE,BOM_ITEM_TYPE,BOM Item Type,BOM Item Type,NUMBER,1,MASTER,4,Standard,4,,MAS / 59,4,MATCH,Standard
8,TEST-AC-RL-MH-94904-1008-GRI-001,MH-94904-1008,ERROR,E,MAS,GRI,,678,REL LINERS,AR GR REL LINERS,23,678,REL LINERS,ARcare,Release Liners,40,MATCH,MTL_SYSTEM_ITEMS.EFFECTIVITY_CONTROL,EFFECTIVITY_CONTROL,,Effectivity Control,NUMBER,1,MASTER,1,Date,1,,MAS / 59,1,MATCH,Date
8,TEST-AC-RL-MH-94904-1008-GRI-001,MH-94904-1008,ERROR,E,MAS,GRI,,678,REL LINERS,AR GR REL LINERS,23,678,REL LINERS,ARcare,Release Liners,40,MATCH,MTL_SYSTEM_ITEMS.MRP_PLANNING_CODE,MRP_PLANNING_CODE,MRP Planning Method,MRP Planning Method,NUMBER,1,MASTER,3,MRP planning,3,,MAS / 59,3,MATCH,MRP planning
8,TEST-AC-RL-MH-94904-1008-GRI-001,MH-94904-1008,ERROR,E,MAS,GRI,,678,REL LINERS,AR GR REL LINERS,23,678,REL LINERS,ARcare,Release Liners,40,MATCH,MTL_SYSTEM_ITEMS.SERV_REQ_ENABLED_CODE,SERV_REQ_ENABLED_CODE,,Service Request,VARCHAR2,1,MASTER,E,Enabled,E,,MAS / 59,E,MATCH,Enabled
8,TEST-AC-RL-MH-94904-1008-GRI-001,MH-94904-1008,ERROR,E,MAS,GRI,,678,REL LINERS,AR GR REL LINERS,23,678,REL LINERS,ARcare,Release Liners,40,MATCH,MTL_SYSTEM_ITEMS.BOM_ENABLED_FLAG,BOM_ENABLED_FLAG,BOM Allowed,BOM Allowed,VARCHAR2,2,ORGANIZATION,Y,Yes,Y,,GRI / 58,,DIFFERENT,Template=Y; Item=NULL
8,TEST-AC-RL-MH-94904-1008-GRI-001,MH-94904-1008,ERROR,E,MAS,GRI,,678,REL LINERS,AR GR REL LINERS,23,678,REL LINERS,ARcare,Release Liners,40,MATCH,MTL_SYSTEM_ITEMS.BUILD_IN_WIP_FLAG,BUILD_IN_WIP_FLAG,Build in WIP,Build in WIP,VARCHAR2,2,ORGANIZATION,Y,Yes,N,,GRI / 58,,DIFFERENT,Template=Y; Item=NULL
8,TEST-AC-RL-MH-94904-1008-GRI-001,MH-94904-1008,ERROR,E,MAS,GRI,,678,REL LINERS,AR GR REL LINERS,23,678,REL LINERS,ARcare,Release Liners,40,MATCH,MTL_SYSTEM_ITEMS.CHECK_SHORTAGES_FLAG,CHECK_SHORTAGES_FLAG,,Check Material Shortage,VARCHAR2,2,ORGANIZATION,Y,Yes,N,,GRI / 58,,DIFFERENT,Template=Y; Item=NULL
8,TEST-AC-RL-MH-94904-1008-GRI-001,MH-94904-1008,ERROR,E,MAS,GRI,,678,REL LINERS,AR GR REL LINERS,23,678,REL LINERS,ARcare,Release Liners,40,MATCH,MTL_SYSTEM_ITEMS.ALLOWED_UNITS_LOOKUP_CODE,ALLOWED_UNITS_LOOKUP_CODE,Conversions,Conversions,NUMBER,2,ORGANIZATION,3,Both standard and item specific,3,,GRI / 58,,DIFFERENT,Template=3; Item=NULL
8,TEST-AC-RL-MH-94904-1008-GRI-001,MH-94904-1008,ERROR,E,MAS,GRI,,678,REL LINERS,AR GR REL LINERS,23,678,REL LINERS,ARcare,Release Liners,40,MATCH,MTL_SYSTEM_ITEMS.COST_OF_SALES_ACCOUNT,COST_OF_SALES_ACCOUNT,Cost of Goods Sold Account,Cost of Goods Sold Account,NUMBER,2,ORGANIZATION,27689,01-01-0280-0001-51100-0000,1019,,GRI / 58,,DIFFERENT,Template=27689; Item=NULL
8,TEST-AC-RL-MH-94904-1008-GRI-001,MH-94904-1008,ERROR,E,MAS,GRI,,678,REL LINERS,AR GR REL LINERS,23,678,REL LINERS,ARcare,Release Liners,40,MATCH,MTL_SYSTEM_ITEMS.COSTING_ENABLED_FLAG,COSTING_ENABLED_FLAG,Costing Enabled,Costing Enabled,VARCHAR2,2,ORGANIZATION,Y,Yes,N,,GRI / 58,,DIFFERENT,Template=Y; Item=NULL
8,TEST-AC-RL-MH-94904-1008-GRI-001,MH-94904-1008,ERROR,E,MAS,GRI,,678,REL LINERS,AR GR REL LINERS,23,678,REL LINERS,ARcare,Release Liners,40,MATCH,MTL_SYSTEM_ITEMS.CUSTOMER_ORDER_FLAG,CUSTOMER_ORDER_FLAG,Customer Ordered Item,Customer Ordered,VARCHAR2,2,ORGANIZATION,Y,Yes,N,,GRI / 58,,DIFFERENT,Template=Y; Item=NULL
8,TEST-AC-RL-MH-94904-1008-GRI-001,MH-94904-1008,ERROR,E,MAS,GRI,,678,REL LINERS,AR GR REL LINERS,23,678,REL LINERS,ARcare,Release Liners,40,MATCH,MTL_SYSTEM_ITEMS.CUSTOMER_ORDER_ENABLED_FLAG,CUSTOMER_ORDER_ENABLED_FLAG,Customer Orders Enabled,Customer Orders Enabled,VARCHAR2,2,ORGANIZATION,Y,Yes,N,,GRI / 58,,DIFFERENT,Template=Y; Item=NULL
8,TEST-AC-RL-MH-94904-1008-GRI-001,MH-94904-1008,ERROR,E,MAS,GRI,,678,REL LINERS,AR GR REL LINERS,23,678,REL LINERS,ARcare,Release Liners,40,MATCH,MTL_SYSTEM_ITEMS.CYCLE_COUNT_ENABLED_FLAG,CYCLE_COUNT_ENABLED_FLAG,Cycle Count Enabled,Cycle Count Enabled,VARCHAR2,2,ORGANIZATION,Y,Yes,N,,GRI / 58,,DIFFERENT,Template=Y; Item=NULL
8,TEST-AC-RL-MH-94904-1008-GRI-001,MH-94904-1008,ERROR,E,MAS,GRI,,678,REL LINERS,AR GR REL LINERS,23,678,REL LINERS,ARcare,Release Liners,40,MATCH,MTL_SYSTEM_ITEMS.END_ASSEMBLY_PEGGING_FLAG,END_ASSEMBLY_PEGGING_FLAG,End Assembly Pegging,End Assembly Pegging,VARCHAR2,2,ORGANIZATION,B,End Assembly/ Soft Pegging,,,GRI / 58,,DIFFERENT,Template=B; Item=NULL
8,TEST-AC-RL-MH-94904-1008-GRI-001,MH-94904-1008,ERROR,E,MAS,GRI,,678,REL LINERS,AR GR REL LINERS,23,678,REL LINERS,ARcare,Release Liners,40,MATCH,MTL_SYSTEM_ITEMS.ATO_FORECAST_CONTROL,ATO_FORECAST_CONTROL,Forecast Control,Forecast Control,NUMBER,2,ORGANIZATION,1,Consume Forecast,,,GRI / 58,,DIFFERENT,Template=1; Item=NULL
8,TEST-AC-RL-MH-94904-1008-GRI-001,MH-94904-1008,ERROR,E,MAS,GRI,,678,REL LINERS,AR GR REL LINERS,23,678,REL LINERS,ARcare,Release Liners,40,MATCH,MTL_SYSTEM_ITEMS.DEFAULT_INCLUDE_IN_ROLLUP_FLAG,DEFAULT_INCLUDE_IN_ROLLUP_FLAG,Include in Rollup,Include in Rollup,VARCHAR2,2,ORGANIZATION,Y,Yes,N,,GRI / 58,,DIFFERENT,Template=Y; Item=NULL
8,TEST-AC-RL-MH-94904-1008-GRI-001,MH-94904-1008,ERROR,E,MAS,GRI,,678,REL LINERS,AR GR REL LINERS,23,678,REL LINERS,ARcare,Release Liners,40,MATCH,MTL_SYSTEM_ITEMS.INTERNAL_ORDER_FLAG,INTERNAL_ORDER_FLAG,Internal Ordered Item,Internal Ordered,VARCHAR2,2,ORGANIZATION,Y,Yes,N,,GRI / 58,,DIFFERENT,Template=Y; Item=NULL
8,TEST-AC-RL-MH-94904-1008-GRI-001,MH-94904-1008,ERROR,E,MAS,GRI,,678,REL LINERS,AR GR REL LINERS,23,678,REL LINERS,ARcare,Release Liners,40,MATCH,MTL_SYSTEM_ITEMS.INTERNAL_ORDER_ENABLED_FLAG,INTERNAL_ORDER_ENABLED_FLAG,Internal Orders Enabled,Internal Orders Enabled,VARCHAR2,2,ORGANIZATION,Y,Yes,N,,GRI / 58,,DIFFERENT,Template=Y; Item=NULL
8,TEST-AC-RL-MH-94904-1008-GRI-001,MH-94904-1008,ERROR,E,MAS,GRI,,678,REL LINERS,AR GR REL LINERS,23,678,REL LINERS,ARcare,Release Liners,40,MATCH,MTL_SYSTEM_ITEMS.INVENTORY_ASSET_FLAG,INVENTORY_ASSET_FLAG,Inventory Asset Value,Inventory Asset Value,VARCHAR2,2,ORGANIZATION,Y,Yes,N,,GRI / 58,,DIFFERENT,Template=Y; Item=NULL
8,TEST-AC-RL-MH-94904-1008-GRI-001,MH-94904-1008,ERROR,E,MAS,GRI,,678,REL LINERS,AR GR REL LINERS,23,678,REL LINERS,ARcare,Release Liners,40,MATCH,MTL_SYSTEM_ITEMS.INVENTORY_ITEM_FLAG,INVENTORY_ITEM_FLAG,Inventory Item,Inventory Item,VARCHAR2,2,ORGANIZATION,Y,Yes,N,,GRI / 58,,DIFFERENT,Template=Y; Item=NULL
8,TEST-AC-RL-MH-94904-1008-GRI-001,MH-94904-1008,ERROR,E,MAS,GRI,,678,REL LINERS,AR GR REL LINERS,23,678,REL LINERS,ARcare,Release Liners,40,MATCH,MTL_SYSTEM_ITEMS.INVENTORY_PLANNING_CODE,INVENTORY_PLANNING_CODE,Inventory Planning Method,Inventory Planning Method,NUMBER,2,ORGANIZATION,6,Not planned,6,,GRI / 58,,DIFFERENT,Template=6; Item=NULL
8,TEST-AC-RL-MH-94904-1008-GRI-001,MH-94904-1008,ERROR,E,MAS,GRI,,678,REL LINERS,AR GR REL LINERS,23,678,REL LINERS,ARcare,Release Liners,40,MATCH,MTL_SYSTEM_ITEMS.INVOICE_ENABLED_FLAG,INVOICE_ENABLED_FLAG,Invoice Enabled,Invoice Enabled,VARCHAR2,2,ORGANIZATION,Y,Yes,N,,GRI / 58,,DIFFERENT,Template=Y; Item=NULL
8,TEST-AC-RL-MH-94904-1008-GRI-001,MH-94904-1008,ERROR,E,MAS,GRI,,678,REL LINERS,AR GR REL LINERS,23,678,REL LINERS,ARcare,Release Liners,40,MATCH,MTL_SYSTEM_ITEMS.INVOICEABLE_ITEM_FLAG,INVOICEABLE_ITEM_FLAG,Invoiceable Item,Invoiceable Item,VARCHAR2,2,ORGANIZATION,Y,Yes,N,,GRI / 58,,DIFFERENT,Template=Y; Item=NULL
8,TEST-AC-RL-MH-94904-1008-GRI-001,MH-94904-1008,ERROR,E,MAS,GRI,,678,REL LINERS,AR GR REL LINERS,23,678,REL LINERS,ARcare,Release Liners,40,MATCH,MTL_SYSTEM_ITEMS.INVENTORY_ITEM_STATUS_CODE,INVENTORY_ITEM_STATUS_CODE,Item Status,Item Status,VARCHAR2,2,ORGANIZATION,Active,Active,Active,,GRI / 58,,DIFFERENT,Template=Active; Item=NULL
8,TEST-AC-RL-MH-94904-1008-GRI-001,MH-94904-1008,ERROR,E,MAS,GRI,,678,REL LINERS,AR GR REL LINERS,23,678,REL LINERS,ARcare,Release Liners,40,MATCH,MTL_SYSTEM_ITEMS.LOT_CONTROL_CODE,LOT_CONTROL_CODE,Lot Control,Lot Control,NUMBER,2,ORGANIZATION,2,Full lot control,1,,GRI / 58,,DIFFERENT,Template=2; Item=NULL
8,TEST-AC-RL-MH-94904-1008-GRI-001,MH-94904-1008,ERROR,E,MAS,GRI,,678,REL LINERS,AR GR REL LINERS,23,678,REL LINERS,ARcare,Release Liners,40,MATCH,MTL_SYSTEM_ITEMS.SHELF_LIFE_CODE,SHELF_LIFE_CODE,Shelf Life Control,Lot Expiration,NUMBER,2,ORGANIZATION,2,Item shelf life days,1,,GRI / 58,,DIFFERENT,Template=2; Item=NULL
8,TEST-AC-RL-MH-94904-1008-GRI-001,MH-94904-1008,ERROR,E,MAS,GRI,,678,REL LINERS,AR GR REL LINERS,23,678,REL LINERS,ARcare,Release Liners,40,MATCH,MTL_SYSTEM_ITEMS.PLANNING_MAKE_BUY_CODE,PLANNING_MAKE_BUY_CODE,Make or Buy,Make or Buy,NUMBER,2,ORGANIZATION,1,Make,2,,GRI / 58,,DIFFERENT,Template=1; Item=NULL
8,TEST-AC-RL-MH-94904-1008-GRI-001,MH-94904-1008,ERROR,E,MAS,GRI,,678,REL LINERS,AR GR REL LINERS,23,678,REL LINERS,ARcare,Release Liners,40,MATCH,MTL_SYSTEM_ITEMS.SO_TRANSACTIONS_FLAG,SO_TRANSACTIONS_FLAG,OE Transactable,OE Transactable,VARCHAR2,2,ORGANIZATION,Y,Yes,N,,GRI / 58,,DIFFERENT,Template=Y; Item=NULL
8,TEST-AC-RL-MH-94904-1008-GRI-001,MH-94904-1008,ERROR,E,MAS,GRI,,678,REL LINERS,AR GR REL LINERS,23,678,REL LINERS,ARcare,Release Liners,40,MATCH,MTL_SYSTEM_ITEMS.TAX_CODE,TAX_CODE,Tax Code,Output Tax Classification Code,VARCHAR2,2,ORGANIZATION,No Tax,No Tax,,,GRI / 58,,DIFFERENT,Template=No Tax; Item=NULL
8,TEST-AC-RL-MH-94904-1008-GRI-001,MH-94904-1008,ERROR,E,MAS,GRI,,678,REL LINERS,AR GR REL LINERS,23,678,REL LINERS,ARcare,Release Liners,40,MATCH,MTL_SYSTEM_ITEMS.OVER_RETURN_TOLERANCE,OVER_RETURN_TOLERANCE,,Over Return Tolerance,NUMBER,2,ORGANIZATION,,0,,,GRI / 58,,MATCH,0
8,TEST-AC-RL-MH-94904-1008-GRI-001,MH-94904-1008,ERROR,E,MAS,GRI,,678,REL LINERS,AR GR REL LINERS,23,678,REL LINERS,ARcare,Release Liners,40,MATCH,MTL_SYSTEM_ITEMS.OVER_SHIPMENT_TOLERANCE,OVER_SHIPMENT_TOLERANCE,,Over Shipment Tolerance,NUMBER,2,ORGANIZATION,10,10,,,GRI / 58,,DIFFERENT,Template=10; Item=NULL
8,TEST-AC-RL-MH-94904-1008-GRI-001,MH-94904-1008,ERROR,E,MAS,GRI,,678,REL LINERS,AR GR REL LINERS,23,678,REL LINERS,ARcare,Release Liners,40,MATCH,MTL_SYSTEM_ITEMS.OVERCOMPLETION_TOLERANCE_TYPE,OVERCOMPLETION_TOLERANCE_TYPE,,Overcompletion Tolerance Type,NUMBER,2,ORGANIZATION,1,Percent,,,GRI / 58,,DIFFERENT,Template=1; Item=NULL
8,TEST-AC-RL-MH-94904-1008-GRI-001,MH-94904-1008,ERROR,E,MAS,GRI,,678,REL LINERS,AR GR REL LINERS,23,678,REL LINERS,ARcare,Release Liners,40,MATCH,MTL_SYSTEM_ITEMS.OVERCOMPLETION_TOLERANCE_VALUE,OVERCOMPLETION_TOLERANCE_VALUE,,Overcompletion Tolerance Value,NUMBER,2,ORGANIZATION,50,50,,,GRI / 58,,DIFFERENT,Template=50; Item=NULL
8,TEST-AC-RL-MH-94904-1008-GRI-001,MH-94904-1008,ERROR,E,MAS,GRI,,678,REL LINERS,AR GR REL LINERS,23,678,REL LINERS,ARcare,Release Liners,40,MATCH,MTL_SYSTEM_ITEMS.PLANNER_CODE,PLANNER_CODE,Planner,Planner,VARCHAR2,2,ORGANIZATION,08,08,,,GRI / 58,,DIFFERENT,Template=08; Item=NULL
8,TEST-AC-RL-MH-94904-1008-GRI-001,MH-94904-1008,ERROR,E,MAS,GRI,,678,REL LINERS,AR GR REL LINERS,23,678,REL LINERS,ARcare,Release Liners,40,MATCH,MTL_SYSTEM_ITEMS.RETURN_INSPECTION_REQUIREMENT,RETURN_INSPECTION_REQUIREMENT,RMA Inspection Status,RMA Inspection Required,NUMBER,2,ORGANIZATION,1,Inspection required,2,,GRI / 58,,DIFFERENT,Template=1; Item=NULL
8,TEST-AC-RL-MH-94904-1008-GRI-001,MH-94904-1008,ERROR,E,MAS,GRI,,678,REL LINERS,AR GR REL LINERS,23,678,REL LINERS,ARcare,Release Liners,40,MATCH,MTL_SYSTEM_ITEMS.RESERVABLE_TYPE,RESERVABLE_TYPE,Reservation Control,Reservable,NUMBER,2,ORGANIZATION,2,Not reservable,2,,GRI / 58,,DIFFERENT,Template=2; Item=NULL
8,TEST-AC-RL-MH-94904-1008-GRI-001,MH-94904-1008,ERROR,E,MAS,GRI,,678,REL LINERS,AR GR REL LINERS,23,678,REL LINERS,ARcare,Release Liners,40,MATCH,MTL_SYSTEM_ITEMS.RETURNABLE_FLAG,RETURNABLE_FLAG,Returnable,Returnable,VARCHAR2,2,ORGANIZATION,Y,Yes,,,GRI / 58,,DIFFERENT,Template=Y; Item=NULL
8,TEST-AC-RL-MH-94904-1008-GRI-001,MH-94904-1008,ERROR,E,MAS,GRI,,678,REL LINERS,AR GR REL LINERS,23,678,REL LINERS,ARcare,Release Liners,40,MATCH,MTL_SYSTEM_ITEMS.MRP_SAFETY_STOCK_CODE,MRP_SAFETY_STOCK_CODE,Safety Stock,Safety Stock,NUMBER,2,ORGANIZATION,1,Non-MRP planned,1,,GRI / 58,,DIFFERENT,Template=1; Item=NULL
8,TEST-AC-RL-MH-94904-1008-GRI-001,MH-94904-1008,ERROR,E,MAS,GRI,,678,REL LINERS,AR GR REL LINERS,23,678,REL LINERS,ARcare,Release Liners,40,MATCH,MTL_SYSTEM_ITEMS.SALES_ACCOUNT,SALES_ACCOUNT,Sales Account,Sales Account,NUMBER,2,ORGANIZATION,27688,01-01-0280-0001-41000-0000,1017,,GRI / 58,,DIFFERENT,Template=27688; Item=NULL
8,TEST-AC-RL-MH-94904-1008-GRI-001,MH-94904-1008,ERROR,E,MAS,GRI,,678,REL LINERS,AR GR REL LINERS,23,678,REL LINERS,ARcare,Release Liners,40,MATCH,MTL_SYSTEM_ITEMS.SHELF_LIFE_DAYS,SHELF_LIFE_DAYS,Shelf Life Days,Shelf Life Days,NUMBER,2,ORGANIZATION,360,360,0,,GRI / 58,,DIFFERENT,Template=360; Item=NULL
8,TEST-AC-RL-MH-94904-1008-GRI-001,MH-94904-1008,ERROR,E,MAS,GRI,,678,REL LINERS,AR GR REL LINERS,23,678,REL LINERS,ARcare,Release Liners,40,MATCH,MTL_SYSTEM_ITEMS.SHIPPABLE_ITEM_FLAG,SHIPPABLE_ITEM_FLAG,Shippable Item,Shippable,VARCHAR2,2,ORGANIZATION,Y,Yes,N,,GRI / 58,,DIFFERENT,Template=Y; Item=NULL
8,TEST-AC-RL-MH-94904-1008-GRI-001,MH-94904-1008,ERROR,E,MAS,GRI,,678,REL LINERS,AR GR REL LINERS,23,678,REL LINERS,ARcare,Release Liners,40,MATCH,MTL_SYSTEM_ITEMS.STOCK_ENABLED_FLAG,STOCK_ENABLED_FLAG,Stockable,Stockable,VARCHAR2,2,ORGANIZATION,Y,Yes,N,,GRI / 58,,DIFFERENT,Template=Y; Item=NULL
8,TEST-AC-RL-MH-94904-1008-GRI-001,MH-94904-1008,ERROR,E,MAS,GRI,,678,REL LINERS,AR GR REL LINERS,23,678,REL LINERS,ARcare,Release Liners,40,MATCH,MTL_SYSTEM_ITEMS.MTL_TRANSACTIONS_ENABLED_FLAG,MTL_TRANSACTIONS_ENABLED_FLAG,Transactable,Transactable,VARCHAR2,2,ORGANIZATION,Y,Yes,N,,GRI / 58,,DIFFERENT,Template=Y; Item=NULL
8,TEST-AC-RL-MH-94904-1008-GRI-001,MH-94904-1008,ERROR,E,MAS,GRI,,678,REL LINERS,AR GR REL LINERS,23,678,REL LINERS,ARcare,Release Liners,40,MATCH,MTL_SYSTEM_ITEMS.UNDER_SHIPMENT_TOLERANCE,UNDER_SHIPMENT_TOLERANCE,,Under Shipment Tolerance,NUMBER,2,ORGANIZATION,10,10,,,GRI / 58,,DIFFERENT,Template=10; Item=NULL
8,TEST-AC-RL-MH-94904-1008-GRI-001,MH-94904-1008,ERROR,E,MAS,GRI,,678,REL LINERS,AR GR REL LINERS,23,678,REL LINERS,ARcare,Release Liners,40,MATCH,MTL_SYSTEM_ITEMS.ITEM_TYPE,ITEM_TYPE,User Item Type,User Item Type,VARCHAR2,2,ORGANIZATION,ARCR,ARCARE,P,,GRI / 58,,DIFFERENT,Template=ARCR; Item=NULL
8,TEST-AC-RL-MH-94904-1008-GRI-001,MH-94904-1008,ERROR,E,MAS,GRI,,678,REL LINERS,AR GR REL LINERS,23,678,REL LINERS,ARcare,Release Liners,40,MATCH,MTL_SYSTEM_ITEMS.WIP_SUPPLY_TYPE,WIP_SUPPLY_TYPE,WIP Supply Type,WIP Supply Type,VARCHAR2,2,ORGANIZATION,1,Push,1,,GRI / 58,,DIFFERENT,Template=1; Item=NULL
